{
  "Use Non-ASCII Font" : false,
  "Tags" : [

  ],
  "Ansi 12 Color" : {
    "Red Component" : 0.27652970049530268,
    "Color Space" : "sRGB",
    "Blue Component" : 0.80291748046875,
    "Alpha Component" : 1,
    "Green Component" : 0.66459661046195539
  },
  "Ansi 6 Color" : {
    "Green Component" : 0.60572487115859985,
    "Red Component" : 0.22138151526451111,
    "Blue Component" : 0.67739421129226685
  },
  "Normal Font" : "HackNerdFontComplete-Regular 13",
  "Bold Color" : {
    "Green Component" : 1,
    "Red Component" : 1,
    "Blue Component" : 0.98028081655502319
  },
  "Ansi 2 Color" : {
    "Green Component" : 0.71854472160339355,
    "Red Component" : 0.48304364085197449,
    "Blue Component" : 0.35710996389389038
  },
  "Ansi 4 Color" : {
    "Green Component" : 0.60329484939575195,
    "Red Component" : 0.29914027452468872,
    "Blue Component" : 0.82943236827850342
  },
  "Ansi 5 Color" : {
    "Green Component" : 0.49908417463302612,
    "Red Component" : 0.64749133586883545,
    "Blue Component" : 0.76894307136535645
  },
  "Rows" : 25,
  "Default Bookmark" : "No",
  "Cursor Guide Color" : {
    "Red Component" : 0.70213186740875244,
    "Color Space" : "sRGB",
    "Blue Component" : 1,
    "Alpha Component" : 0.25,
    "Green Component" : 0.9268307089805603
  },
  "Non-ASCII Anti Aliased" : true,
  "Use Bright Bold" : true,
  "Ansi 10 Color" : {
    "Green Component" : 0.49610027670860291,
    "Red Component" : 0.46425256133079529,
    "Blue Component" : 0.17100538313388824
  },
  "Use Cursor Guide" : false,
  "Ambiguous Double Width" : false,
  "Jobs to Ignore" : [
    "rlogin",
    "ssh",
    "slogin",
    "telnet"
  ],
  "Ansi 15 Color" : {
    "Green Component" : 0.71090340614318848,
    "Red Component" : 0.6965288519859314,
    "Blue Component" : 0.68263441324234009
  },
  "Foreground Color" : {
    "Green Component" : 0.96665072441101074,
    "Red Component" : 0.97033727169036865,
    "Blue Component" : 0.9264865517616272
  },
  "Working Directory" : "\/Users\/ikumi.nakamura",
  "Blinking Cursor" : false,
  "Space" : -1,
  "Sync Title" : false,
  "Prompt Before Closing 2" : false,
  "BM Growl" : true,
  "Command" : "",
  "Description" : "Default",
  "Mouse Reporting" : true,
  "Disable Window Resizing" : true,
  "Screen" : -2,
  "Selection Color" : {
    "Green Component" : 0.34349527955055237,
    "Red Component" : 0.089366093277931213,
    "Blue Component" : 0.46659797430038452
  },
  "Columns" : 80,
  "Idle Code" : 0,
  "Ansi 13 Color" : {
    "Green Component" : 0.25756442546844482,
    "Red Component" : 0.37626489996910095,
    "Blue Component" : 0.56739711761474609
  },
  "Custom Command" : "No",
  "ASCII Anti Aliased" : true,
  "Non Ascii Font" : "Monaco 12",
  "Vertical Spacing" : 1,
  "Use Bold Font" : true,
  "Option Key Sends" : 0,
  "Selected Text Color" : {
    "Green Component" : 0.96665072441101074,
    "Red Component" : 0.97033727169036865,
    "Blue Component" : 0.9264865517616272
  },
  "Background Color" : {
    "Green Component" : 0.11759574711322784,
    "Red Component" : 0.11759926378726959,
    "Blue Component" : 0.11759774386882782
  },
  "Character Encoding" : 4,
  "Ansi 11 Color" : {
    "Red Component" : 0.623199462890625,
    "Color Space" : "sRGB",
    "Blue Component" : 0.27080496679991484,
    "Alpha Component" : 1,
    "Green Component" : 0.48313482722164636
  },
  "Use Italic Font" : true,
  "Unlimited Scrollback" : false,
  "Keyboard Map" : {
    "0xf700-0x260000" : {
      "Text" : "[1;6A",
      "Action" : 10
    },
    "0x37-0x40000" : {
      "Text" : "0x1f",
      "Action" : 11
    },
    "0x32-0x40000" : {
      "Text" : "0x00",
      "Action" : 11
    },
    "0xf709-0x20000" : {
      "Text" : "[17;2~",
      "Action" : 10
    },
    "0xf70c-0x20000" : {
      "Text" : "[20;2~",
      "Action" : 10
    },
    "0xf729-0x20000" : {
      "Text" : "[1;2H",
      "Action" : 10
    },
    "0xf72b-0x40000" : {
      "Text" : "[1;5F",
      "Action" : 10
    },
    "0xf705-0x20000" : {
      "Text" : "[1;2Q",
      "Action" : 10
    },
    "0xf703-0x260000" : {
      "Text" : "[1;6C",
      "Action" : 10
    },
    "0xf700-0x220000" : {
      "Text" : "[1;2A",
      "Action" : 10
    },
    "0xf701-0x280000" : {
      "Text" : "0x1b 0x1b 0x5b 0x42",
      "Action" : 11
    },
    "0x38-0x40000" : {
      "Text" : "0x7f",
      "Action" : 11
    },
    "0x33-0x40000" : {
      "Text" : "0x1b",
      "Action" : 11
    },
    "0xf703-0x220000" : {
      "Text" : "[1;2C",
      "Action" : 10
    },
    "0xf701-0x240000" : {
      "Text" : "[1;5B",
      "Action" : 10
    },
    "0xf70d-0x20000" : {
      "Text" : "[21;2~",
      "Action" : 10
    },
    "0xf702-0x260000" : {
      "Text" : "[1;6D",
      "Action" : 10
    },
    "0xf729-0x40000" : {
      "Text" : "[1;5H",
      "Action" : 10
    },
    "0xf706-0x20000" : {
      "Text" : "[1;2R",
      "Action" : 10
    },
    "0x34-0x40000" : {
      "Text" : "0x1c",
      "Action" : 11
    },
    "0xf700-0x280000" : {
      "Text" : "0x1b 0x1b 0x5b 0x41",
      "Action" : 11
    },
    "0x2d-0x40000" : {
      "Text" : "0x1f",
      "Action" : 11
    },
    "0xf70e-0x20000" : {
      "Text" : "[23;2~",
      "Action" : 10
    },
    "0xf702-0x220000" : {
      "Text" : "[1;2D",
      "Action" : 10
    },
    "0xf703-0x280000" : {
      "Text" : "0x1b 0x1b 0x5b 0x43",
      "Action" : 11
    },
    "0xf700-0x240000" : {
      "Text" : "[1;5A",
      "Action" : 10
    },
    "0xf707-0x20000" : {
      "Text" : "[1;2S",
      "Action" : 10
    },
    "0xf70a-0x20000" : {
      "Text" : "[18;2~",
      "Action" : 10
    },
    "0x35-0x40000" : {
      "Text" : "0x1d",
      "Action" : 11
    },
    "0xf70f-0x20000" : {
      "Text" : "[24;2~",
      "Action" : 10
    },
    "0xf703-0x240000" : {
      "Text" : "[1;5C",
      "Action" : 10
    },
    "0xf701-0x260000" : {
      "Text" : "[1;6B",
      "Action" : 10
    },
    "0xf702-0x280000" : {
      "Text" : "0x1b 0x1b 0x5b 0x44",
      "Action" : 11
    },
    "0xf72b-0x20000" : {
      "Text" : "[1;2F",
      "Action" : 10
    },
    "0x36-0x40000" : {
      "Text" : "0x1e",
      "Action" : 11
    },
    "0xf708-0x20000" : {
      "Text" : "[15;2~",
      "Action" : 10
    },
    "0xf701-0x220000" : {
      "Text" : "[1;2B",
      "Action" : 10
    },
    "0xf70b-0x20000" : {
      "Text" : "[19;2~",
      "Action" : 10
    },
    "0xf702-0x240000" : {
      "Text" : "[1;5D",
      "Action" : 10
    },
    "0xf704-0x20000" : {
      "Text" : "[1;2P",
      "Action" : 10
    }
  },
  "Window Type" : 0,
  "Cursor Boost" : 0,
  "Background Image Location" : "",
  "Blur" : false,
  "Badge Color" : {
    "Red Component" : 1,
    "Color Space" : "sRGB",
    "Blue Component" : 0,
    "Alpha Component" : 0.5,
    "Green Component" : 0.1491314172744751
  },
  "Scrollback Lines" : 20000,
  "Send Code When Idle" : false,
  "Close Sessions On End" : true,
  "Terminal Type" : "xterm-256color",
  "Visual Bell" : true,
  "Flashing Bell" : false,
  "Silence Bell" : true,
  "Ansi 14 Color" : {
    "Green Component" : 0.73511248826980591,
    "Red Component" : 0.46331635117530823,
    "Blue Component" : 0.79221165180206299
  },
  "ASCII Ligatures" : false,
  "Name" : "Jonmanjiro",
  "Cursor Text Color" : {
    "Green Component" : 0.22283002734184265,
    "Red Component" : 0.20568123459815979,
    "Blue Component" : 0.20856963098049164
  },
  "Shortcut" : "",
  "Cursor Color" : {
    "Green Component" : 0.81186991930007935,
    "Red Component" : 0.92885816097259521,
    "Blue Component" : 0.31030187010765076
  },
  "Transparency" : 0.07448842005076145,
  "Ansi 1 Color" : {
    "Green Component" : 0.24660280346870422,
    "Red Component" : 0.81089001893997192,
    "Blue Component" : 0.38021323084831238
  },
  "Custom Directory" : "No",
  "Link Color" : {
    "Red Component" : 0,
    "Color Space" : "sRGB",
    "Blue Component" : 0.73423302173614502,
    "Alpha Component" : 1,