{
  "Link Color" : {
    "Red Component" : 0,
    "Color Space" : "sRGB",
    "Blue Component" : 0.73423302173614502,
    "Alpha Component" : 1,
    "Green Component" : 0.35916060209274292
  },
  "Tags" : [

  ],
  "Ansi 12 Color" : {
    "Green Component" : 0.34725069999694824,
    "Blue Component" : 0.47479093074798584,
    "Red Component" : 0.074933364987373352
  },
  "Ansi 7 Color" : {
    "Green Component" : 0.98070180416107178,
    "Blue Component" : 0.96549803018569946,
    "Red Component" : 0.98026049137115479
  },
  "Ansi 8 Color" : {
    "Green Component" : 0.3565424382686615,
    "Blue Component" : 0.34851333498954773,
    "Red Component" : 0.34871619939804077
  },
  "Bold Color" : {
    "Green Component" : 1,
    "Blue Component" : 0.98028081655502319,
    "Red Component" : 1
  },
  "Ansi 9 Color" : {
    "Green Component" : 0.55888265371322632,
    "Blue Component" : 0.651419997215271,
    "Red Component" : 0.81987529993057251
  },
  "Ansi 1 Color" : {
    "Green Component" : 0.24660280346870422,
    "Blue Component" : 0.38021323084831238,
    "Red Component" : 0.81089001893997192
  },
  "Horizontal Spacing" : 1,
  "Rows" : 25,
  "Default Bookmark" : "No",
  "Cursor Guide Color" : {
    "Red Component" : 0.70213186740875244,
    "Color Space" : "sRGB",
    "Blue Component" : 1,
    "Alpha Component" : 0.25,
    "Green Component" : 0.9268307089805603
  },
  "Non-ASCII Anti Aliased" : true,
  "Use Bright Bold" : true,
  "Ansi 10 Color" : {
    "Green Component" : 0.49610027670860291,
    "Blue Component" : 0.17100538313388824,
    "Red Component" : 0.46425256133079529
  },
  "Use Cursor Guide" : false,
  "Ambiguous Double Width" : false,
  "Jobs to Ignore" : [
    "rlogin",
    "ssh",
    "slogin",
    "telnet"
  ],
  "Ansi 15 Color" : {
    "Green Component" : 0.71090340614318848,
    "Blue Component" : 0.68263441324234009,
    "Red Component" : 0.6965288519859314
  },
  "Foreground Color" : {
    "Green Component" : 0.96665072441101074,
    "Blue Component" : 0.9264865517616272,
    "Red Component" : 0.97033727169036865
  },
  "Working Directory" : "\/Users\/ikumi.nakamura",
  "Blinking Cursor" : false,
  "Disable Window Resizing" : true,
  "Sync Title" : false,
  "Prompt Before Closing 2" : false,
  "BM Growl" : true,
  "Command" : "",
  "Description" : "Default",
  "Space" : -1,
  "Mouse Reporting" : true,
  "Screen" : -2,
  "Selection Color" : {
    "Green Component" : 0.34349527955055237,
    "Blue Component" : 0.46659797430038452,
    "Red Component" : 0.089366093277931213
  },
  "Columns" : 80,
  "Idle Code" : 0,
  "Ansi 13 Color" : {
    "Green Component" : 0.25756442546844482,
    "Blue Component" : 0.56739711761474609,
    "Red Component" : 0.37626489996910095
  },
  "Custom Command" : "No",
  "ASCII Anti Aliased" : true,
  "Non Ascii Font" : "Monaco 12",
  "Vertical Spacing" : 1,
  "Use Bold Font" : true,
  "Option Key Sends" : 0,
  "Selected Text Color" : {
    "Green Component" : 0.96665072441101074,
    "Blue Component" : 0.9264865517616272,
    "Red Component" : 0.97033727169036865
  },
  "Background Color" : {
    "Green Component" : 0.11759574711322784,
    "Blue Component" : 0.11759774386882782,
    "Red Component" : 0.11759926378726959
  },
  "Character Encoding" : 4,
  "Ansi 11 Color" : {
    "Green Component" : 0.35025951266288757,
    "Blue Component" : 0.1833186000585556,
    "Red Component" : 0.46875584125518799
  },
  "Use Italic Font" : true,
  "Unlimited Scrollback" : false,
  "Keyboard Map" : {
    "0xf700-0x260000" : {
      "Action" : 10,
      "Text" : "[1;6A"
    },
    "0x37-0x40000" : {
      "Action" : 11,
      "Text" : "0x1f"
    },
    "0x32-0x40000" : {
      "Action" : 11,
      "Text" : "0x00"
    },
    "0xf709-0x20000" : {
      "Action" : 10,
      "Text" : "[17;2~"
    },
    "0xf70c-0x20000" : {
      "Action" : 10,
      "Text" : "[20;2~"
    },
    "0xf729-0x20000" : {
      "Action" : 10,
      "Text" : "[1;2H"
    },
    "0xf72b-0x40000" : {
      "Action" : 10,
      "Text" : "[1;5F"
    },
    "0xf705-0x20000" : {
      "Action" : 10,
      "Text" : "[1;2Q"
    },
    "0xf703-0x260000" : {
      "Action" : 10,
      "Text" : "[1;6C"
    },
    "0xf700-0x220000" : {
      "Action" : 10,
      "Text" : "[1;2A"
    },
    "0xf701-0x280000" : {
      "Action" : 11,
      "Text" : "0x1b 0x1b 0x5b 0x42"
    },
    "0x38-0x40000" : {
      "Action" : 11,
      "Text" : "0x7f"
    },
    "0x33-0x40000" : {
      "Action" : 11,
      "Text" : "0x1b"
    },
    "0xf703-0x220000" : {
      "Action" : 10,
      "Text" : "[1;2C"
    },
    "0xf701-0x240000" : {
      "Action" : 10,
      "Text" : "[1;5B"
    },
    "0xf70d-0x20000" : {
      "Action" : 10,
      "Text" : "[21;2~"
    },
    "0xf702-0x260000" : {
      "Action" : 10,
      "Text" : "[1;6D"
    },
    "0xf729-0x40000" : {
      "Action" : 10,
      "Text" : "[1;5H"
    },
    "0xf706-0x20000" : {
      "Action" : 10,
      "Text" : "[1;2R"
    },
    "0x34-0x40000" : {
      "Action" : 11,
      "Text" : "0x1c"
    },
    "0xf700-0x280000" : {
      "Action" : 11,
      "Text" : "0x1b 0x1b 0x5b 0x41"
    },
    "0x2d-0x40000" : {
      "Action" : 11,
      "Text" : "0x1f"
    },
    "0xf70e-0x20000" : {
      "Action" : 10,
      "Text" : "[23;2~"
    },
    "0xf702-0x220000" : {
      "Action" : 10,
      "Text" : "[1;2D"
    },
    "0xf703-0x280000" : {
      "Action" : 11,
      "Text" : "0x1b 0x1b 0x5b 0x43"
    },
    "0xf700-0x240000" : {
      "Action" : 10,
      "Text" : "[1;5A"
    },
    "0xf707-0x20000" : {
      "Action" : 10,
      "Text" : "[1;2S"
    },
    "0xf70a-0x20000" : {
      "Action" : 10,
      "Text" : "[18;2~"
    },
    "0x35-0x40000" : {
      "Action" : 11,
      "Text" : "0x1d"
    },
    "0xf70f-0x20000" : {
      "Action" : 10,
      "Text" : "[24;2~"
    },
    "0xf703-0x240000" : {
      "Action" : 10,
      "Text" : "[1;5C"
    },
    "0xf701-0x260000" : {
      "Action" : 10,
      "Text" : "[1;6B"
    },
    "0xf702-0x280000" : {
      "Action" : 11,
      "Text" : "0x1b 0x1b 0x5b 0x44"
    },
    "0xf72b-0x20000" : {
      "Action" : 10,
      "Text" : "[1;2F"
    },
    "0x36-0x40000" : {
      "Action" : 11,
      "Text" : "0x1e"
    },
    "0xf708-0x20000" : {
      "Action" : 10,
      "Text" : "[15;2~"
    },
    "0xf701-0x220000" : {
      "Action" : 10,
      "Text" : "[1;2B"
    },
    "0xf70b-0x20000" : {
      "Action" : 10,
      "Text" : "[19;2~"
    },
    "0xf702-0x240000" : {
      "Action" : 10,
      "Text" : "[1;5D"
    },
    "0xf704-0x20000" : {
      "Action" : 10,
      "Text" : "[1;2P"
    }
  },
  "Window Type" : 0,
  "Cursor Boost" : 0,
  "Background Image Location" : "",
  "Blur" : false,
  "Badge Color" : {
    "Red Component" : 1,
    "Color Space" : "sRGB",
    "Blue Component" : 0,
    "Alpha Component" : 0.5,
    "Green Component" : 0.1491314172744751
  },
  "Scrollback Lines" : 20000,
  "Send Code When Idle" : false,
  "Close Sessions On End" : true,
  "Terminal Type" : "xterm-256color",
  "Visual Bell" : true,
  "Flashing Bell" : false,
  "Silence Bell" : true,
  "Ansi 14 Color" : {
    "Green Component" : 0.73511248826980591,
    "Blue Component" : 0.79221165180206299,
    "Red Component" : 0.46331635117530823
  },
  "Name" : "Jonmanjiro",
  "Cursor Text Color" : {
    "Green Component" : 0.22283002734184265,
    "Blue Component" : 0.20856963098049164,
    "Red Component" : 0.20568123459815979
  },
  "Shortcut" : "",
  "Cursor Color" : {
    "Green Component" : 0.81186991930007935,
    "Blue Component" : 0.31030187010765076,
    "Red Component" : 0.92885816097259521
  },
  "Ansi 0 Color" : {
    "Green Component" : 0.22283002734184265,
    "Blue Component" : 0.20856963098049164,
    "Red Component" : 0.20568123459815979
  },
  "Guid" : "B2456879-BCEF-471C-840E-8648EA144EEA",
  "Ansi 2 Color" : {
    "Green Component" : 0.71854472160339355,
    "Blue Component" : 0.35710996389389038,
    "Red Component" : 0.48304364085197449
  },